"Date","Time","SubSec","DecID","TagType","Sensor","SignalStr","HexID","DateTime"
"02/28/2026","04:41:06",0.75151,28806,"PSK",NA,25,"7086",2026-02-28 04:41:06.75151
"02/28/2026","04:43:44",0.02791,28806,"PSK",NA,24,"7086",2026-02-28 04:43:44.02791
"02/28/2026","04:44:31",0.19994,28806,"PSK",NA,24,"7086",2026-02-28 04:44:31.19994
"02/28/2026","04:44:46",0.92469,28806,"PSK",NA,60,"7086",2026-02-28 04:44:46.92469
"02/28/2026","04:44:57",0.40752,28806,"PSK",NA,26,"7086",2026-02-28 04:44:57.40752
"02/28/2026","04:45:49",0.81748,28806,"PSK",NA,23,"7086",2026-02-28 04:45:49.81748
"02/28/2026","04:46:26",0.50784,28806,"PSK",NA,29,"7086",2026-02-28 04:46:26.50784
"02/28/2026","10:59:16",0.21981,24836,"PSK",NA,27,"6104",2026-02-28 10:59:16.21981
"02/28/2026","12:55:19",0.25305,29760,"PSK",NA,23,"7440",2026-02-28 12:55:19.25305
"02/28/2026","12:55:24",0.38042,29760,"PSK",NA,21,"7440",2026-02-28 12:55:24.38042
"02/28/2026","12:55:39",0.76077,29760,"PSK",NA,32,"7440",2026-02-28 12:55:39.76077
"02/28/2026","12:55:44",0.88732,29760,"PSK",NA,31,"7440",2026-02-28 12:55:44.88732
"02/28/2026","12:55:55",0.14131,29760,"PSK",NA,56,"7440",2026-02-28 12:55:55.14131
"02/28/2026","12:56:00",0.26822,29760,"PSK",NA,22,"7440",2026-02-28 12:56:00.26822
"02/28/2026","12:56:05",0.39561,29760,"PSK",NA,23,"7440",2026-02-28 12:56:05.39561
"02/28/2026","12:56:10",0.52384,29760,"PSK",NA,36,"7440",2026-02-28 12:56:10.52384
"02/28/2026","12:56:51",0.55742,29760,"PSK",NA,23,"7440",2026-02-28 12:56:51.55742
"02/28/2026","12:57:01",0.81592,29760,"PSK",NA,45,"7440",2026-02-28 12:57:01.81592
"02/28/2026","12:57:06",0.94506,29760,"PSK",NA,62,"7440",2026-02-28 12:57:06.94506
"02/28/2026","12:57:12",0.07282,29760,"PSK",NA,22,"7440",2026-02-28 12:57:12.07282
"02/28/2026","12:57:17",0.20114,29760,"PSK",NA,24,"7440",2026-02-28 12:57:17.20114
"02/28/2026","12:57:42",0.84175,29760,"PSK",NA,20,"7440",2026-02-28 12:57:42.84175
"02/28/2026","12:57:53",0.09967,29760,"PSK",NA,60,"7440",2026-02-28 12:57:53.09967
"02/28/2026","12:57:58",0.22999,29760,"PSK",NA,53,"7440",2026-02-28 12:57:58.22999
"02/28/2026","12:58:23",0.88019,29760,"PSK",NA,58,"7440",2026-02-28 12:58:23.88019
"02/28/2026","12:58:29",0.01094,29760,"PSK",NA,23,"7440",2026-02-28 12:58:29.01094
"02/28/2026","12:58:34",0.14261,29760,"PSK",NA,21,"7440",2026-02-28 12:58:34.14261
"02/28/2026","12:58:49",0.53433,29760,"PSK",NA,59,"7440",2026-02-28 12:58:49.53433
"02/28/2026","12:58:54",0.66427,29760,"PSK",NA,57,"7440",2026-02-28 12:58:54.66427
"02/28/2026","12:59:10",0.0534,29760,"PSK",NA,24,"7440",2026-02-28 12:59:10.0534
"02/28/2026","12:59:15",0.18182,29760,"PSK",NA,59,"7440",2026-02-28 12:59:15.18182
"02/28/2026","12:59:30",0.57108,29760,"PSK",NA,22,"7440",2026-02-28 12:59:30.57108
"02/28/2026","12:59:35",0.69935,29760,"PSK",NA,24,"7440",2026-02-28 12:59:35.69935
"02/28/2026","13:00:16",0.72935,29760,"PSK",NA,21,"7440",2026-02-28 13:00:16.72935
"02/28/2026","13:00:21",0.85696,29760,"PSK",NA,20,"7440",2026-02-28 13:00:21.85696
"02/28/2026","13:00:32",0.11251,29760,"PSK",NA,62,"7440",2026-02-28 13:00:32.11251
"02/28/2026","13:00:37",0.24089,29760,"PSK",NA,23,"7440",2026-02-28 13:00:37.24089
"02/28/2026","13:00:47",0.49682,29760,"PSK",NA,24,"7440",2026-02-28 13:00:47.49682
"02/28/2026","13:00:52",0.62433,29760,"PSK",NA,58,"7440",2026-02-28 13:00:52.62433
"02/28/2026","13:00:57",0.75343,29760,"PSK",NA,55,"7440",2026-02-28 13:00:57.75343
"02/28/2026","13:01:02",0.88197,29760,"PSK",NA,23,"7440",2026-02-28 13:01:02.88197
"02/28/2026","13:01:08",0.01068,29760,"PSK",NA,18,"7440",2026-02-28 13:01:08.01068
"02/28/2026","13:01:13",0.13905,29760,"PSK",NA,27,"7440",2026-02-28 13:01:13.13905
"02/28/2026","13:01:28",0.52113,29760,"PSK",NA,21,"7440",2026-02-28 13:01:28.52113
"02/28/2026","13:02:24",0.92421,29760,"PSK",NA,58,"7440",2026-02-28 13:02:24.92421
"02/28/2026","13:04:43",0.42199,29760,"PSK",NA,24,"7440",2026-02-28 13:04:43.42199
"02/28/2026","13:05:19",0.31349,29760,"PSK",NA,60,"7440",2026-02-28 13:05:19.31349
"02/28/2026","13:06:56",0.74711,29760,"PSK",NA,64,"7440",2026-02-28 13:06:56.74711
"02/28/2026","13:07:10",0.20652,29760,"PSK",NA,32,"7440",2026-02-28 13:07:10.20652
"02/28/2026","13:07:22",0.38817,29760,"PSK",NA,24,"7440",2026-02-28 13:07:22.38817
"02/28/2026","13:07:58",0.28903,29760,"PSK",NA,26,"7440",2026-02-28 13:07:58.28903
"02/28/2026","13:08:18",0.80596,29760,"PSK",NA,23,"7440",2026-02-28 13:08:18.80596
"02/28/2026","16:32:53",0.99196,26176,"PSK",NA,23,"6640",2026-02-28 16:32:53.99196
"02/28/2026","16:33:24",0.70809,26176,"PSK",NA,57,"6640",2026-02-28 16:33:24.70809
"02/28/2026","16:33:29",0.82768,26176,"PSK",NA,21,"6640",2026-02-28 16:33:29.82768
"02/28/2026","16:33:40",0.0654,26176,"PSK",NA,54,"6640",2026-02-28 16:33:40.0654
"02/28/2026","16:33:45",0.18528,26176,"PSK",NA,20,"6640",2026-02-28 16:33:45.18528
"02/28/2026","16:34:05",0.66136,26176,"PSK",NA,54,"6640",2026-02-28 16:34:05.66136
"02/28/2026","16:34:31",0.26095,26176,"PSK",NA,59,"6640",2026-02-28 16:34:31.26095
"02/28/2026","16:34:36",0.38136,26176,"PSK",NA,25,"6640",2026-02-28 16:34:36.38136
"02/28/2026","16:35:32",0.70531,26176,"PSK",NA,19,"6640",2026-02-28 16:35:32.70531
"02/28/2026","16:35:37",0.82732,26176,"PSK",NA,74,"6640",2026-02-28 16:35:37.82732
"02/28/2026","16:35:42",0.94936,26176,"PSK",NA,70,"6640",2026-02-28 16:35:42.94936
"02/28/2026","16:35:48",0.07154,26176,"PSK",NA,77,"6640",2026-02-28 16:35:48.07154
"02/28/2026","16:35:58",0.31677,26176,"PSK",NA,39,"6640",2026-02-28 16:35:58.31677
"02/28/2026","16:36:08",0.56131,26176,"PSK",NA,53,"6640",2026-02-28 16:36:08.56131
"02/28/2026","16:36:13",0.68423,26176,"PSK",NA,78,"6640",2026-02-28 16:36:13.68423
"02/28/2026","16:36:18",0.80716,26176,"PSK",NA,48,"6640",2026-02-28 16:36:18.80716
"02/28/2026","16:36:23",0.92987,26176,"PSK",NA,57,"6640",2026-02-28 16:36:23.92987
"02/28/2026","16:36:39",0.29762,26176,"PSK",NA,57,"6640",2026-02-28 16:36:39.29762
"02/28/2026","16:36:49",0.5429,26176,"PSK",NA,39,"6640",2026-02-28 16:36:49.5429
"02/28/2026","16:36:54",0.66412,26176,"PSK",NA,80,"6640",2026-02-28 16:36:54.66412
"02/28/2026","16:37:45",0.89507,26176,"PSK",NA,21,"6640",2026-02-28 16:37:45.89507
"02/28/2026","16:37:51",0.01824,26176,"PSK",NA,26,"6640",2026-02-28 16:37:51.01824
"02/28/2026","16:38:06",0.38748,26176,"PSK",NA,23,"6640",2026-02-28 16:38:06.38748
"02/28/2026","16:38:11",0.51024,26176,"PSK",NA,57,"6640",2026-02-28 16:38:11.51024
"02/28/2026","16:38:16",0.63232,26176,"PSK",NA,20,"6640",2026-02-28 16:38:16.63232
"02/28/2026","16:38:21",0.75417,26176,"PSK",NA,23,"6640",2026-02-28 16:38:21.75417
"02/28/2026","16:38:26",0.8771,26176,"PSK",NA,56,"6640",2026-02-28 16:38:26.8771
"02/28/2026","16:38:32",5e-05,26176,"PSK",NA,21,"6640",2026-02-28 16:38:32.00005
"02/28/2026","16:38:37",0.12302,26176,"PSK",NA,23,"6640",2026-02-28 16:38:37.12302
"02/28/2026","16:38:42",0.24566,26176,"PSK",NA,59,"6640",2026-02-28 16:38:42.24566
"02/28/2026","16:38:47",0.36945,26176,"PSK",NA,19,"6640",2026-02-28 16:38:47.36945
"02/28/2026","16:38:57",0.61692,26176,"PSK",NA,58,"6640",2026-02-28 16:38:57.61692
"02/28/2026","16:39:02",0.74006,26176,"PSK",NA,20,"6640",2026-02-28 16:39:02.74006
"02/28/2026","16:39:18",0.10656,26176,"PSK",NA,22,"6640",2026-02-28 16:39:18.10656
"02/28/2026","16:39:33",0.47066,26176,"PSK",NA,21,"6640",2026-02-28 16:39:33.47066
"02/28/2026","16:39:38",0.59217,26176,"PSK",NA,28,"6640",2026-02-28 16:39:38.59217
"02/28/2026","16:50:58",0.40176,29712,"PSK",NA,26,"7410",2026-02-28 16:50:58.40176
"02/28/2026","16:51:30",0.17873,29712,"PSK",NA,36,"7410",2026-02-28 16:51:30.17873
"02/28/2026","16:51:35",0.47522,29712,"PSK",NA,25,"7410",2026-02-28 16:51:35.47522
"02/28/2026","16:51:40",0.772,29712,"PSK",NA,29,"7410",2026-02-28 16:51:40.772
"02/28/2026","16:51:56",0.66321,29712,"PSK",NA,21,"7410",2026-02-28 16:51:56.66321
"02/28/2026","16:52:07",0.2597,29712,"PSK",NA,57,"7410",2026-02-28 16:52:07.2597
"02/28/2026","16:52:12",0.55864,29712,"PSK",NA,21,"7410",2026-02-28 16:52:12.55864
"02/28/2026","16:52:54",0.9364,29712,"PSK",NA,18,"7410",2026-02-28 16:52:54.9364
"02/28/2026","16:53:00",0.23381,29712,"PSK",NA,26,"7410",2026-02-28 16:53:00.23381
"02/28/2026","16:53:10",0.82617,29712,"PSK",NA,25,"7410",2026-02-28 16:53:10.82617
"02/28/2026","16:53:16",0.12269,29712,"PSK",NA,21,"7410",2026-02-28 16:53:16.12269
"02/28/2026","16:53:21",0.4181,29712,"PSK",NA,33,"7410",2026-02-28 16:53:21.4181
"02/28/2026","16:53:26",0.71354,29712,"PSK",NA,61,"7410",2026-02-28 16:53:26.71354
"02/28/2026","16:53:37",0.30797,29712,"PSK",NA,59,"7410",2026-02-28 16:53:37.30797
"02/28/2026","16:53:47",0.90318,29712,"PSK",NA,114,"7410",2026-02-28 16:53:47.90318
"02/28/2026","16:53:53",0.20097,29712,"PSK",NA,70,"7410",2026-02-28 16:53:53.20097
"02/28/2026","16:54:09",0.09437,29712,"PSK",NA,47,"7410",2026-02-28 16:54:09.09437
"02/28/2026","16:54:14",0.39151,29712,"PSK",NA,22,"7410",2026-02-28 16:54:14.39151
"02/28/2026","16:54:19",0.68743,29712,"PSK",NA,52,"7410",2026-02-28 16:54:19.68743
"02/28/2026","16:54:24",0.98378,29712,"PSK",NA,94,"7410",2026-02-28 16:54:24.98378
"02/28/2026","16:54:30",0.28099,29712,"PSK",NA,99,"7410",2026-02-28 16:54:30.28099
"02/28/2026","16:54:40",0.87556,29712,"PSK",NA,28,"7410",2026-02-28 16:54:40.87556
"02/28/2026","16:54:46",0.17263,29712,"PSK",NA,70,"7410",2026-02-28 16:54:46.17263
"02/28/2026","16:54:51",0.47028,29712,"PSK",NA,32,"7410",2026-02-28 16:54:51.47028
"02/28/2026","16:54:56",0.76725,29712,"PSK",NA,70,"7410",2026-02-28 16:54:56.76725
"02/28/2026","16:55:02",0.06494,29712,"PSK",NA,93,"7410",2026-02-28 16:55:02.06494
"02/28/2026","16:55:07",0.36173,29712,"PSK",NA,57,"7410",2026-02-28 16:55:07.36173
"02/28/2026","16:55:12",0.65867,29712,"PSK",NA,24,"7410",2026-02-28 16:55:12.65867
"02/28/2026","16:55:17",0.9557,29712,"PSK",NA,86,"7410",2026-02-28 16:55:17.9557
"02/28/2026","16:55:23",0.25236,29712,"PSK",NA,108,"7410",2026-02-28 16:55:23.25236
"02/28/2026","16:55:28",0.54861,29712,"PSK",NA,135,"7410",2026-02-28 16:55:28.54861
"02/28/2026","16:55:39",0.14249,29712,"PSK",NA,92,"7410",2026-02-28 16:55:39.14249
"02/28/2026","16:55:44",0.43982,29712,"PSK",NA,130,"7410",2026-02-28 16:55:44.43982
"02/28/2026","16:55:49",0.73691,29712,"PSK",NA,129,"7410",2026-02-28 16:55:49.73691
"02/28/2026","16:55:55",0.03422,29712,"PSK",NA,23,"7410",2026-02-28 16:55:55.03422
"02/28/2026","16:56:05",0.62843,29712,"PSK",NA,134,"7410",2026-02-28 16:56:05.62843
"02/28/2026","16:56:10",0.92625,29712,"PSK",NA,121,"7410",2026-02-28 16:56:10.92625
"02/28/2026","16:56:21",0.52255,29712,"PSK",NA,70,"7410",2026-02-28 16:56:21.52255
"02/28/2026","16:56:26",0.82075,29712,"PSK",NA,86,"7410",2026-02-28 16:56:26.82075
"02/28/2026","16:56:32",0.11849,29712,"PSK",NA,49,"7410",2026-02-28 16:56:32.11849
"02/28/2026","16:56:37",0.41541,29712,"PSK",NA,75,"7410",2026-02-28 16:56:37.41541
"02/28/2026","16:56:42",0.71205,29712,"PSK",NA,77,"7410",2026-02-28 16:56:42.71205
"02/28/2026","16:56:48",0.00967,29712,"PSK",NA,97,"7410",2026-02-28 16:56:48.00967
"02/28/2026","16:56:53",0.30756,29712,"PSK",NA,92,"7410",2026-02-28 16:56:53.30756
"02/28/2026","16:56:58",0.60564,29712,"PSK",NA,36,"7410",2026-02-28 16:56:58.60564
"02/28/2026","16:57:03",0.90345,29712,"PSK",NA,60,"7410",2026-02-28 16:57:03.90345
"02/28/2026","16:57:09",0.20095,29712,"PSK",NA,46,"7410",2026-02-28 16:57:09.20095
"02/28/2026","16:57:14",0.49927,29712,"PSK",NA,48,"7410",2026-02-28 16:57:14.49927
"02/28/2026","16:57:19",0.79819,29712,"PSK",NA,47,"7410",2026-02-28 16:57:19.79819
"02/28/2026","16:57:25",0.09806,29712,"PSK",NA,59,"7410",2026-02-28 16:57:25.09806
"02/28/2026","16:58:18",0.1015,29712,"PSK",NA,24,"7410",2026-02-28 16:58:18.1015
"02/28/2026","16:58:23",0.40164,29712,"PSK",NA,24,"7410",2026-02-28 16:58:23.40164
"02/28/2026","16:58:44",0.60124,29712,"PSK",NA,58,"7410",2026-02-28 16:58:44.60124
"02/28/2026","16:58:49",0.89937,29712,"PSK",NA,30,"7410",2026-02-28 16:58:49.89937
"02/28/2026","17:00:57",0.08858,29712,"PSK",NA,55,"7410",2026-02-28 17:00:57.08858
"02/28/2026","17:01:07",0.68368,29712,"PSK",NA,25,"7410",2026-02-28 17:01:07.68368
"02/28/2026","17:01:18",0.27744,29712,"PSK",NA,58,"7410",2026-02-28 17:01:18.27744
"02/28/2026","17:01:34",0.16896,29712,"PSK",NA,24,"7410",2026-02-28 17:01:34.16896
"02/28/2026","17:01:55",0.35757,29712,"PSK",NA,33,"7410",2026-02-28 17:01:55.35757
"02/28/2026","17:02:00",0.65507,29712,"PSK",NA,60,"7410",2026-02-28 17:02:00.65507
"02/28/2026","17:02:05",0.95181,29712,"PSK",NA,24,"7410",2026-02-28 17:02:05.95181
"02/28/2026","17:02:11",0.24854,29712,"PSK",NA,22,"7410",2026-02-28 17:02:11.24854
"02/28/2026","17:02:16",0.5459,29712,"PSK",NA,47,"7410",2026-02-28 17:02:16.5459
"02/28/2026","17:02:21",0.84326,29712,"PSK",NA,60,"7410",2026-02-28 17:02:21.84326
"02/28/2026","17:02:27",0.13891,29712,"PSK",NA,24,"7410",2026-02-28 17:02:27.13891
"02/28/2026","17:02:43",0.02554,29712,"PSK",NA,59,"7410",2026-02-28 17:02:43.02554
"02/28/2026","17:02:48",0.32078,29712,"PSK",NA,28,"7410",2026-02-28 17:02:48.32078
"02/28/2026","17:02:53",0.61634,29712,"PSK",NA,35,"7410",2026-02-28 17:02:53.61634
"02/28/2026","17:03:04",0.20832,29712,"PSK",NA,60,"7410",2026-02-28 17:03:04.20832
"02/28/2026","21:38:20",0.86594,26416,"PSK",NA,61,"6730",2026-02-28 21:38:20.86594
"02/28/2026","21:38:40",0.96405,26416,"PSK",NA,21,"6730",2026-02-28 21:38:40.96405
"02/28/2026","21:39:26",0.18787,26416,"PSK",NA,38,"6730",2026-02-28 21:39:26.18787
"02/28/2026","21:39:41",0.25905,26416,"PSK",NA,19,"6730",2026-02-28 21:39:41.25905
"02/28/2026","21:40:16",0.42352,26416,"PSK",NA,25,"6730",2026-02-28 21:40:16.42352
"02/28/2026","21:41:16",0.71723,26416,"PSK",NA,40,"6730",2026-02-28 21:41:16.71723
"02/28/2026","21:41:21",0.74051,26416,"PSK",NA,62,"6730",2026-02-28 21:41:21.74051
"02/28/2026","21:41:31",0.78861,26416,"PSK",NA,37,"6730",2026-02-28 21:41:31.78861
"02/28/2026","21:41:36",0.81335,26416,"PSK",NA,62,"6730",2026-02-28 21:41:36.81335
"02/28/2026","21:41:46",0.86104,26416,"PSK",NA,47,"6730",2026-02-28 21:41:46.86104
"02/28/2026","21:41:51",0.8849,26416,"PSK",NA,74,"6730",2026-02-28 21:41:51.8849
"02/28/2026","21:41:56",0.90813,26416,"PSK",NA,24,"6730",2026-02-28 21:41:56.90813
"02/28/2026","21:42:06",0.95476,26416,"PSK",NA,73,"6730",2026-02-28 21:42:06.95476
"02/28/2026","21:42:11",0.97833,26416,"PSK",NA,69,"6730",2026-02-28 21:42:11.97833
"02/28/2026","21:42:22",0.02525,26416,"PSK",NA,66,"6730",2026-02-28 21:42:22.02525
"02/28/2026","21:42:27",0.04956,26416,"PSK",NA,65,"6730",2026-02-28 21:42:27.04956
"02/28/2026","21:42:32",0.07394,26416,"PSK",NA,56,"6730",2026-02-28 21:42:32.07394
"02/28/2026","21:42:42",0.1207,26416,"PSK",NA,82,"6730",2026-02-28 21:42:42.1207
"02/28/2026","21:42:47",0.14417,26416,"PSK",NA,43,"6730",2026-02-28 21:42:47.14417
"02/28/2026","21:42:57",0.18931,26416,"PSK",NA,50,"6730",2026-02-28 21:42:57.18931
"02/28/2026","21:43:07",0.23594,26416,"PSK",NA,57,"6730",2026-02-28 21:43:07.23594
"02/28/2026","21:43:27",0.33062,26416,"PSK",NA,23,"6730",2026-02-28 21:43:27.33062
"02/28/2026","21:43:52",0.45057,26416,"PSK",NA,22,"6730",2026-02-28 21:43:52.45057
"02/28/2026","21:44:02",0.4998,26416,"PSK",NA,79,"6730",2026-02-28 21:44:02.4998
"02/28/2026","21:44:07",0.52428,26416,"PSK",NA,24,"6730",2026-02-28 21:44:07.52428
"02/28/2026","21:44:12",0.54888,26416,"PSK",NA,38,"6730",2026-02-28 21:44:12.54888
"02/28/2026","21:44:17",0.57256,26416,"PSK",NA,67,"6730",2026-02-28 21:44:17.57256
"02/28/2026","21:44:22",0.59623,26416,"PSK",NA,22,"6730",2026-02-28 21:44:22.59623
"02/28/2026","21:44:27",0.61989,26416,"PSK",NA,35,"6730",2026-02-28 21:44:27.61989
"02/28/2026","21:44:32",0.64384,26416,"PSK",NA,41,"6730",2026-02-28 21:44:32.64384
"02/28/2026","21:44:37",0.66753,26416,"PSK",NA,30,"6730",2026-02-28 21:44:37.66753
"02/28/2026","21:44:42",0.69129,26416,"PSK",NA,65,"6730",2026-02-28 21:44:42.69129
"02/28/2026","21:44:47",0.71555,26416,"PSK",NA,23,"6730",2026-02-28 21:44:47.71555
"02/28/2026","21:44:52",0.74001,26416,"PSK",NA,23,"6730",2026-02-28 21:44:52.74001
"02/28/2026","21:44:57",0.76461,26416,"PSK",NA,57,"6730",2026-02-28 21:44:57.76461
"02/28/2026","21:45:02",0.78911,26416,"PSK",NA,20,"6730",2026-02-28 21:45:02.78911
"02/28/2026","21:45:07",0.81386,26416,"PSK",NA,26,"6730",2026-02-28 21:45:07.81386
"02/28/2026","21:45:17",0.86426,26416,"PSK",NA,20,"6730",2026-02-28 21:45:17.86426
"02/28/2026","21:46:08",0.11206,26416,"PSK",NA,58,"6730",2026-02-28 21:46:08.11206
"02/28/2026","21:46:13",0.1361,26416,"PSK",NA,20,"6730",2026-02-28 21:46:13.1361
"02/28/2026","21:46:48",0.30945,26416,"PSK",NA,34,"6730",2026-02-28 21:46:48.30945
"02/28/2026","21:46:53",0.33441,26416,"PSK",NA,49,"6730",2026-02-28 21:46:53.33441
"02/28/2026","21:46:58",0.35827,26416,"PSK",NA,21,"6730",2026-02-28 21:46:58.35827
"02/28/2026","21:47:03",0.38236,26416,"PSK",NA,60,"6730",2026-02-28 21:47:03.38236
"02/28/2026","21:47:08",0.40639,26416,"PSK",NA,23,"6730",2026-02-28 21:47:08.40639
"02/28/2026","21:47:33",0.53006,26416,"PSK",NA,56,"6730",2026-02-28 21:47:33.53006
"02/28/2026","21:47:38",0.55569,26416,"PSK",NA,22,"6730",2026-02-28 21:47:38.55569
"02/28/2026","21:47:43",0.5808,26416,"PSK",NA,25,"6730",2026-02-28 21:47:43.5808
"02/28/2026","21:47:58",0.65183,26416,"PSK",NA,60,"6730",2026-02-28 21:47:58.65183
"02/28/2026","21:48:03",0.67617,26416,"PSK",NA,24,"6730",2026-02-28 21:48:03.67617
"02/28/2026","21:49:34",0.12626,26416,"PSK",NA,23,"6730",2026-02-28 21:49:34.12626
"03/01/2026","09:22:49",0.4228,29760,"PSK",NA,27,"7440",2026-03-01 09:22:49.4228
"03/01/2026","20:54:39",0.04925,25348,"PSK",NA,55,"6304",2026-03-01 20:54:39.04925
"03/01/2026","20:54:59",0.33057,25348,"PSK",NA,20,"6304",2026-03-01 20:54:59.33057
"03/01/2026","20:55:14",0.54379,25348,"PSK",NA,58,"6304",2026-03-01 20:55:14.54379
"03/01/2026","20:55:29",0.75717,25348,"PSK",NA,57,"6304",2026-03-01 20:55:29.75717
"03/01/2026","20:55:55",0.10358,25348,"PSK",NA,32,"6304",2026-03-01 20:55:55.10358
"03/01/2026","20:56:00",0.17292,25348,"PSK",NA,38,"6304",2026-03-01 20:56:00.17292
"03/01/2026","20:56:05",0.24278,25348,"PSK",NA,60,"6304",2026-03-01 20:56:05.24278
"03/01/2026","20:56:10",0.31241,25348,"PSK",NA,31,"6304",2026-03-01 20:56:10.31241
"03/01/2026","20:56:15",0.38265,25348,"PSK",NA,122,"6304",2026-03-01 20:56:15.38265
"03/01/2026","20:56:25",0.52358,25348,"PSK",NA,48,"6304",2026-03-01 20:56:25.52358
"03/01/2026","20:56:30",0.59416,25348,"PSK",NA,88,"6304",2026-03-01 20:56:30.59416
"03/01/2026","20:56:35",0.66479,25348,"PSK",NA,52,"6304",2026-03-01 20:56:35.66479
"03/01/2026","20:56:40",0.73555,25348,"PSK",NA,61,"6304",2026-03-01 20:56:40.73555
"03/01/2026","20:56:45",0.80591,25348,"PSK",NA,39,"6304",2026-03-01 20:56:45.80591
"03/01/2026","20:56:50",0.87662,25348,"PSK",NA,56,"6304",2026-03-01 20:56:50.87662
"03/01/2026","20:57:01",0.01704,25348,"PSK",NA,89,"6304",2026-03-01 20:57:01.01704
"03/01/2026","20:57:11",0.15816,25348,"PSK",NA,108,"6304",2026-03-01 20:57:11.15816
"03/01/2026","20:57:16",0.22853,25348,"PSK",NA,126,"6304",2026-03-01 20:57:16.22853
"03/01/2026","20:57:21",0.29964,25348,"PSK",NA,96,"6304",2026-03-01 20:57:21.29964
"03/01/2026","20:57:26",0.36979,25348,"PSK",NA,106,"6304",2026-03-01 20:57:26.36979
"03/01/2026","20:57:31",0.43948,25348,"PSK",NA,122,"6304",2026-03-01 20:57:31.43948
"03/01/2026","20:57:36",0.51043,25348,"PSK",NA,97,"6304",2026-03-01 20:57:36.51043
"03/01/2026","20:57:41",0.58082,25348,"PSK",NA,146,"6304",2026-03-01 20:57:41.58082
"03/01/2026","20:57:46",0.65171,25348,"PSK",NA,95,"6304",2026-03-01 20:57:46.65171
"03/01/2026","20:57:56",0.79528,25348,"PSK",NA,63,"6304",2026-03-01 20:57:56.79528
"03/01/2026","20:58:06",0.93897,25348,"PSK",NA,76,"6304",2026-03-01 20:58:06.93897
"03/01/2026","20:58:17",0.07997,25348,"PSK",NA,100,"6304",2026-03-01 20:58:17.07997
"03/01/2026","20:58:22",0.15069,25348,"PSK",NA,126,"6304",2026-03-01 20:58:22.15069
"03/01/2026","20:58:32",0.29198,25348,"PSK",NA,124,"6304",2026-03-01 20:58:32.29198
"03/01/2026","20:58:37",0.3624,25348,"PSK",NA,96,"6304",2026-03-01 20:58:37.3624
"03/01/2026","20:58:47",0.50448,25348,"PSK",NA,102,"6304",2026-03-01 20:58:47.50448
"03/01/2026","20:58:52",0.5759,25348,"PSK",NA,35,"6304",2026-03-01 20:58:52.5759
"03/01/2026","20:59:02",0.71867,25348,"PSK",NA,34,"6304",2026-03-01 20:59:02.71867
"03/01/2026","20:59:07",0.79,25348,"PSK",NA,43,"6304",2026-03-01 20:59:07.79
"03/01/2026","20:59:17",0.93316,25348,"PSK",NA,37,"6304",2026-03-01 20:59:17.93316
"03/01/2026","20:59:23",0.00523,25348,"PSK",NA,57,"6304",2026-03-01 20:59:23.00523
"03/01/2026","20:59:28",0.07742,25348,"PSK",NA,25,"6304",2026-03-01 20:59:28.07742
"03/01/2026","20:59:33",0.14973,25348,"PSK",NA,56,"6304",2026-03-01 20:59:33.14973
"03/01/2026","20:59:38",0.22267,25348,"PSK",NA,80,"6304",2026-03-01 20:59:38.22267
"03/01/2026","21:00:08",0.65675,25348,"PSK",NA,36,"6304",2026-03-01 21:00:08.65675
"03/01/2026","21:00:13",0.72878,25348,"PSK",NA,24,"6304",2026-03-01 21:00:13.72878
"03/01/2026","21:00:23",0.87175,25348,"PSK",NA,22,"6304",2026-03-01 21:00:23.87175
"03/01/2026","21:00:34",0.01541,25348,"PSK",NA,66,"6304",2026-03-01 21:00:34.01541
"03/01/2026","21:00:44",0.15869,25348,"PSK",NA,101,"6304",2026-03-01 21:00:44.15869
"03/01/2026","21:00:49",0.23114,25348,"PSK",NA,20,"6304",2026-03-01 21:00:49.23114
"03/01/2026","21:00:54",0.30309,25348,"PSK",NA,22,"6304",2026-03-01 21:00:54.30309
"03/01/2026","21:01:04",0.44772,25348,"PSK",NA,20,"6304",2026-03-01 21:01:04.44772
"03/01/2026","21:01:09",0.52015,25348,"PSK",NA,31,"6304",2026-03-01 21:01:09.52015
"03/01/2026","21:01:34",0.88115,25348,"PSK",NA,20,"6304",2026-03-01 21:01:34.88115
"03/01/2026","21:01:39",0.95406,25348,"PSK",NA,59,"6304",2026-03-01 21:01:39.95406
"03/01/2026","21:01:45",0.0263,25348,"PSK",NA,20,"6304",2026-03-01 21:01:45.0263
"03/01/2026","21:01:50",0.09953,25348,"PSK",NA,23,"6304",2026-03-01 21:01:50.09953
"03/01/2026","21:02:10",0.39165,25348,"PSK",NA,46,"6304",2026-03-01 21:02:10.39165
"03/01/2026","21:02:15",0.4643,25348,"PSK",NA,22,"6304",2026-03-01 21:02:15.4643
"03/01/2026","21:02:20",0.53726,25348,"PSK",NA,60,"6304",2026-03-01 21:02:20.53726
"03/01/2026","21:02:40",0.83018,25348,"PSK",NA,21,"6304",2026-03-01 21:02:40.83018
"03/01/2026","21:02:45",0.90467,25348,"PSK",NA,22,"6304",2026-03-01 21:02:45.90467
"03/01/2026","21:02:50",0.97821,25348,"PSK",NA,59,"6304",2026-03-01 21:02:50.97821
"03/01/2026","21:03:06",0.19687,25348,"PSK",NA,56,"6304",2026-03-01 21:03:06.19687
"03/01/2026","21:03:11",0.26918,25348,"PSK",NA,22,"6304",2026-03-01 21:03:11.26918
"03/01/2026","21:17:05",0.70036,26736,"PSK",NA,21,"6870",2026-03-01 21:17:05.70036
"03/01/2026","21:17:10",0.65995,26736,"PSK",NA,23,"6870",2026-03-01 21:17:10.65995
"03/01/2026","21:17:30",0.50248,26736,"PSK",NA,95,"6870",2026-03-01 21:17:30.50248
"03/01/2026","21:17:40",0.4228,26736,"PSK",NA,84,"6870",2026-03-01 21:17:40.4228
"03/01/2026","21:17:45",0.38316,26736,"PSK",NA,141,"6870",2026-03-01 21:17:45.38316
"03/01/2026","21:17:55",0.30429,26736,"PSK",NA,96,"6870",2026-03-01 21:17:55.30429
"03/01/2026","21:18:00",0.26457,26736,"PSK",NA,141,"6870",2026-03-01 21:18:00.26457
"03/01/2026","21:18:15",0.14481,26736,"PSK",NA,134,"6870",2026-03-01 21:18:15.14481
"03/01/2026","21:18:30",0.02899,26736,"PSK",NA,142,"6870",2026-03-01 21:18:30.02899
"03/01/2026","21:18:39",0.95274,26736,"PSK",NA,117,"6870",2026-03-01 21:18:39.95274
"03/01/2026","21:18:44",0.91415,26736,"PSK",NA,132,"6870",2026-03-01 21:18:44.91415
"03/01/2026","21:18:49",0.87621,26736,"PSK",NA,34,"6870",2026-03-01 21:18:49.87621
"03/01/2026","21:18:54",0.83735,26736,"PSK",NA,31,"6870",2026-03-01 21:18:54.83735
"03/01/2026","21:18:59",0.79843,26736,"PSK",NA,62,"6870",2026-03-01 21:18:59.79843
"03/01/2026","21:19:14",0.68318,26736,"PSK",NA,99,"6870",2026-03-01 21:19:14.68318
"03/01/2026","21:19:19",0.64559,26736,"PSK",NA,47,"6870",2026-03-01 21:19:19.64559
"03/01/2026","21:19:24",0.60835,26736,"PSK",NA,60,"6870",2026-03-01 21:19:24.60835
"03/01/2026","21:19:29",0.57124,26736,"PSK",NA,60,"6870",2026-03-01 21:19:29.57124
"03/01/2026","21:19:34",0.53416,26736,"PSK",NA,44,"6870",2026-03-01 21:19:34.53416
"03/01/2026","21:19:39",0.49783,26736,"PSK",NA,36,"6870",2026-03-01 21:19:39.49783
"03/01/2026","21:19:49",0.4229,26736,"PSK",NA,31,"6870",2026-03-01 21:19:49.4229
"03/01/2026","21:19:54",0.38532,26736,"PSK",NA,69,"6870",2026-03-01 21:19:54.38532
"03/01/2026","21:19:59",0.34752,26736,"PSK",NA,26,"6870",2026-03-01 21:19:59.34752
"03/01/2026","21:20:09",0.27129,26736,"PSK",NA,93,"6870",2026-03-01 21:20:09.27129
"03/01/2026","21:20:14",0.23277,26736,"PSK",NA,32,"6870",2026-03-01 21:20:14.23277
"03/01/2026","21:20:19",0.19459,26736,"PSK",NA,69,"6870",2026-03-01 21:20:19.19459
"03/01/2026","21:20:24",0.15612,26736,"PSK",NA,75,"6870",2026-03-01 21:20:24.15612
"03/01/2026","21:20:29",0.11858,26736,"PSK",NA,25,"6870",2026-03-01 21:20:29.11858
"03/01/2026","21:20:39",0.04334,26736,"PSK",NA,72,"6870",2026-03-01 21:20:39.04334
"03/01/2026","21:20:48",0.96806,26736,"PSK",NA,68,"6870",2026-03-01 21:20:48.96806
"03/01/2026","21:20:58",0.89502,26736,"PSK",NA,34,"6870",2026-03-01 21:20:58.89502
"03/01/2026","21:21:08",0.82183,26736,"PSK",NA,37,"6870",2026-03-01 21:21:08.82183
"03/01/2026","21:21:13",0.78431,26736,"PSK",NA,41,"6870",2026-03-01 21:21:13.78431
"03/01/2026","21:21:18",0.74707,26736,"PSK",NA,108,"6870",2026-03-01 21:21:18.74707
"03/01/2026","21:21:23",0.70958,26736,"PSK",NA,50,"6870",2026-03-01 21:21:23.70958
"03/01/2026","21:21:28",0.67221,26736,"PSK",NA,23,"6870",2026-03-01 21:21:28.67221
"03/01/2026","21:21:33",0.63446,26736,"PSK",NA,59,"6870",2026-03-01 21:21:33.63446
"03/01/2026","21:21:48",0.51892,26736,"PSK",NA,61,"6870",2026-03-01 21:21:48.51892
"03/01/2026","21:22:18",0.29244,26736,"PSK",NA,25,"6870",2026-03-01 21:22:18.29244
"03/01/2026","21:22:33",0.18115,26736,"PSK",NA,20,"6870",2026-03-01 21:22:33.18115
"03/01/2026","21:22:38",0.14481,26736,"PSK",NA,17,"6870",2026-03-01 21:22:38.14481
"03/01/2026","21:22:53",0.03494,26736,"PSK",NA,53,"6870",2026-03-01 21:22:53.03494
"03/01/2026","21:23:07",0.92337,26736,"PSK",NA,59,"6870",2026-03-01 21:23:07.92337
"03/01/2026","21:23:22",0.81256,26736,"PSK",NA,59,"6870",2026-03-01 21:23:22.81256
"03/01/2026","21:23:32",0.73792,26736,"PSK",NA,52,"6870",2026-03-01 21:23:32.73792
"03/01/2026","21:24:12",0.44498,26736,"PSK",NA,54,"6870",2026-03-01 21:24:12.44498
